<PAMDataset>
  <PAMRasterBand band="1">
    <Histograms>
      <HistItem>
        <HistMin>-1.225184679031372</HistMin>
        <HistMax>0.8060729503631592</HistMax>
        <BucketCount>256</BucketCount>
        <IncludeOutOfRange>1</IncludeOutOfRange>
        <Approximate>0</Approximate>
        <HistCounts>1498|0|0|0|0|0|0|0|0|0|0|0|0|0|0|0|0|0|0|0|0|0|0|0|0|0|0|0|0|0|0|0|0|0|0|0|0|0|0|0|0|0|0|0|0|0|0|0|0|0|0|0|0|0|0|0|0|0|0|0|0|0|0|0|0|0|0|0|0|0|0|0|0|0|0|0|0|0|0|0|0|0|0|0|0|0|0|0|0|0|0|0|0|0|0|1316|0|0|0|0|0|0|0|0|0|0|0|0|0|0|0|0|0|0|0|0|0|0|488|0|0|0|0|0|0|0|0|0|0|0|0|0|0|0|0|601|0|320|0|0|0|0|0|0|0|231|0|0|0|0|0|0|1696|0|0|0|0|0|2106|0|0|946|0|0|0|0|1995|0|0|799|949|685|0|194|0|443|126|0|0|0|0|0|0|0|579|0|0|0|0|877|0|0|0|203|0|599|0|0|0|1003|0|0|1679|0|0|497|0|0|0|209|0|3205|0|0|1273|0|0|0|0|0|5477|0|0|0|0|0|0|0|0|0|0|0|0|0|0|0|0|0|0|0|0|0|0|5810|0|0|0|1311|0|858|0|0|0|0|0|1265</HistCounts>
      </HistItem>
    </Histograms>
    <Metadata>
      <MDI key="STATISTICS_EXCLUDEDVALUES"></MDI>
      <MDI key="STATISTICS_MAXIMUM">0.80607295036316</MDI>
      <MDI key="STATISTICS_MEAN">0.29593522897302</MDI>
      <MDI key="STATISTICS_MEDIAN">nan</MDI>
      <MDI key="STATISTICS_MINIMUM">-1.2251846790314</MDI>
      <MDI key="STATISTICS_SKIPFACTORX">1</MDI>
      <MDI key="STATISTICS_SKIPFACTORY">1</MDI>
      <MDI key="STATISTICS_STDDEV">0.4319213267347</MDI>
    </Metadata>
  </PAMRasterBand>
</PAMDataset>
