<?xml version="1.0" encoding="UTF-8"?>
<metadata xml:lang="en"><Esri><CreaDate>20230220</CreaDate><CreaTime>09585400</CreaTime><ArcGISFormat>1.0</ArcGISFormat><SyncOnce>TRUE</SyncOnce><DataProperties><lineage><Process ToolSource="c:\program files\arcgis\pro\Resources\ArcToolbox\toolboxes\Spatial Analyst Tools.tbx\ExtractByMask" Date="20230220" Time="095854">ExtractByMask "C:\Users\ander\OneDrive - Yale University\Documents\Lauenroth_Lab\STEPWAT\FINAL_OUTPUTS\Interpolation_Rasters\Mid\RCP45\p.cool.grass\Median_Biomass.tif" UGRB_Matches.tif "C:\Users\ander\OneDrive - Yale University\Documents\Lauenroth_Lab\STEPWAT\FINAL_OUTPUTS\Interpolation_Rasters\Mid\RCP45\p.cool.grass\M.M.Bmass.tif" Inside "-111.058333334 40.991666666 -104.050000001 45.0083333324756 GEOGCS["GCS_WGS_1984",DATUM["D_WGS_1984",SPHEROID["WGS_1984",6378137.0,298.257223563]],PRIMEM["Greenwich",0.0],UNIT["Degree",0.0174532925199433]]"</Process></lineage></DataProperties></Esri></metadata>
