<PAMDataset>
  <PAMRasterBand band="1">
    <Histograms>
      <HistItem>
        <HistMin>-4.316763877868652</HistMin>
        <HistMax>13.19131374359131</HistMax>
        <BucketCount>256</BucketCount>
        <IncludeOutOfRange>1</IncludeOutOfRange>
        <Approximate>0</Approximate>
        <HistCounts>231|0|0|0|0|0|0|0|0|0|0|0|0|0|0|0|0|0|0|0|0|0|0|0|0|0|0|0|0|0|0|0|0|0|0|0|0|0|0|0|0|0|0|1679|0|0|946|0|0|0|0|0|0|0|0|0|0|0|0|877|1498|320|0|0|0|0|0|0|488|0|0|0|1840|0|0|0|0|0|364|0|0|0|0|1696|0|608|0|0|0|0|0|0|0|0|0|254|5728|0|0|0|0|0|0|0|2106|0|0|0|0|599|0|0|0|0|203|443|0|0|5477|0|0|0|0|0|0|0|0|0|0|0|194|0|0|1390|0|0|0|0|0|0|0|82|0|0|0|1702|0|0|341|0|1316|1003|0|0|0|0|0|0|0|0|0|0|1265|0|0|0|799|0|0|0|0|0|0|0|0|0|0|0|0|0|0|0|0|0|0|0|0|0|0|0|0|0|1273|0|0|0|0|0|0|0|0|0|0|0|0|0|0|0|0|0|0|0|0|0|0|0|0|0|0|0|0|0|0|0|0|0|0|0|0|3205|0|0|0|0|0|0|0|0|0|0|0|0|0|0|0|0|0|0|0|0|0|0|0|0|0|1311</HistCounts>
      </HistItem>
    </Histograms>
    <Metadata>
      <MDI key="STATISTICS_EXCLUDEDVALUES"></MDI>
      <MDI key="STATISTICS_MAXIMUM">13.191313743591</MDI>
      <MDI key="STATISTICS_MEAN">4.0147852430155</MDI>
      <MDI key="STATISTICS_MEDIAN">nan</MDI>
      <MDI key="STATISTICS_MINIMUM">-4.3167638778687</MDI>
      <MDI key="STATISTICS_SKIPFACTORX">1</MDI>
      <MDI key="STATISTICS_SKIPFACTORY">1</MDI>
      <MDI key="STATISTICS_STDDEV">3.7524450518194</MDI>
    </Metadata>
  </PAMRasterBand>
</PAMDataset>
