<?xml version="1.0" encoding="UTF-8"?>
<metadata xml:lang="en"><Esri><CreaDate>20230320</CreaDate><CreaTime>13292800</CreaTime><ArcGISFormat>1.0</ArcGISFormat><SyncOnce>TRUE</SyncOnce><DataProperties><lineage><Process ToolSource="c:\program files\arcgis\pro\Resources\ArcToolbox\toolboxes\Spatial Analyst Tools.tbx\Reclassify" Date="20230320" Time="132928">Reclassify a.forb VALUE "-1.225185 0 -1;0 0.806073 1" "C:\Users\ander\OneDrive - Yale University\Documents\Lauenroth_Lab\STEPWAT\FINAL_OUTPUTS\Interpolation_Rasters\Mid\RCP45\Reclass_Rasters\a.forb.tif" DATA</Process></lineage><LayerFile>{"type":"CIMLayerDocument","version":"3.0.0","build":36057,"layers":["CIMPATH=map/a_forb_tif.json"],"layerDefinitions":[{"type":"CIMRasterLayer","name":"a.forb.tif","uRI":"CIMPATH=map/a_forb_tif.json","sourceModifiedTime":{"type":"TimeInstant"},"useSourceMetadata":true,"description":"a.forb.tif","layerElevation":{"type":"CIMLayerElevationSurface","elevationSurfaceLayerURI":"CIMPATH=map/ground.json"},"expanded":true,"layerType":"Operational","showLegends":true,"visibility":true,"displayCacheType":"Permanent","maxDisplayCacheAge":5,"showPopups":true,"serviceLayerID":-1,"refreshRate":-1,"refreshRateUnit":"esriTimeUnitsSeconds","blendingMode":"Alpha","allowDrapingOnIntegratedMesh":true,"dataConnection":{"type":"CIMStandardDataConnection","workspaceConnectionString":"DATABASE=..\\..\\..\\..\\OneDrive - Yale University\\Documents\\Lauenroth_Lab\\STEPWAT\\FINAL_OUTPUTS\\Interpolation_Rasters\\Mid\\RCP45\\Reclass_Rasters","workspaceFactory":"Raster","dataset":"a.forb.tif","datasetType":"esriDTRasterDataset"},"colorizer":{"type":"CIMRasterUniqueValueColorizer","resamplingType":"NearestNeighbor","fieldName":"Value","groups":[{"type":"CIMRasterUniqueValueGroup","classes":[{"type":"CIMRasterUniqueValueClass","values":["-1"],"label":"-1","color":{"type":"CIMRGBColor","values":[211.319999999999993,121.28,184.139999999999986,100]}},{"type":"CIMRasterUniqueValueClass","values":["1"],"label":"1","color":{"type":"CIMRGBColor","values":[88.5600000000000023,249.75,113.03,100]}}],"heading":"Value"}],"colorRamp":{"type":"CIMRandomHSVColorRamp","colorSpace":{"type":"CIMICCColorSpace","url":"Default RGB"},"maxH":360,"minS":33,"maxS":66,"minV":50,"maxV":99,"minAlpha":100,"maxAlpha":100}},"attributeTable":{"type":"CIMRasterTable","displayField":"Value","editable":true}}]}</LayerFile></DataProperties></Esri></metadata>
