<?xml version="1.0" encoding="UTF-8"?>
<metadata xml:lang="en"><Esri><CreaDate>20230320</CreaDate><CreaTime>13364800</CreaTime><ArcGISFormat>1.0</ArcGISFormat><SyncOnce>TRUE</SyncOnce><DataProperties><lineage><Process ToolSource="c:\program files\arcgis\pro\Resources\ArcToolbox\toolboxes\Spatial Analyst Tools.tbx\Reclassify" Date="20230320" Time="133648">Reclassify shrub_extract.tif VALUE "-0.442266 0 -1;0 1.461037 1" "C:\Users\ander\OneDrive - Yale University\Documents\Lauenroth_Lab\STEPWAT\FINAL_OUTPUTS\Interpolation_Rasters\Mid\RCP45\Reclass_Rasters\shrub.tif" DATA</Process></lineage><LayerFile>{"type":"CIMLayerDocument","version":"3.0.0","build":36057,"layers":["CIMPATH=map/shrub_tif.json"],"layerDefinitions":[{"type":"CIMRasterLayer","name":"shrub.tif","uRI":"CIMPATH=map/shrub_tif.json","sourceModifiedTime":{"type":"TimeInstant"},"useSourceMetadata":true,"description":"shrub.tif","layerElevation":{"type":"CIMLayerElevationSurface","elevationSurfaceLayerURI":"CIMPATH=map/ground.json"},"expanded":true,"layerType":"Operational","showLegends":true,"visibility":true,"displayCacheType":"Permanent","maxDisplayCacheAge":5,"showPopups":true,"serviceLayerID":-1,"refreshRate":-1,"refreshRateUnit":"esriTimeUnitsSeconds","blendingMode":"Alpha","allowDrapingOnIntegratedMesh":true,"dataConnection":{"type":"CIMStandardDataConnection","workspaceConnectionString":"DATABASE=..\\..\\..\\..\\OneDrive - Yale University\\Documents\\Lauenroth_Lab\\STEPWAT\\FINAL_OUTPUTS\\Interpolation_Rasters\\Mid\\RCP45\\Reclass_Rasters","workspaceFactory":"Raster","dataset":"shrub.tif","datasetType":"esriDTRasterDataset"},"colorizer":{"type":"CIMRasterUniqueValueColorizer","resamplingType":"NearestNeighbor","fieldName":"Value","groups":[{"type":"CIMRasterUniqueValueGroup","classes":[{"type":"CIMRasterUniqueValueClass","values":["-1"],"label":"-1","color":{"type":"CIMRGBColor","values":[134.5,214.02000000000001,133.19,100]}},{"type":"CIMRasterUniqueValueClass","values":["1"],"label":"1","color":{"type":"CIMRGBColor","values":[217.330000000000013,83.8199999999999932,223.150000000000006,100]}}],"heading":"Value"}],"colorRamp":{"type":"CIMRandomHSVColorRamp","colorSpace":{"type":"CIMICCColorSpace","url":"Default RGB"},"maxH":360,"minS":33,"maxS":66,"minV":50,"maxV":99,"minAlpha":100,"maxAlpha":100}},"attributeTable":{"type":"CIMRasterTable","displayField":"Value","editable":true}}]}</LayerFile></DataProperties></Esri></metadata>
