<?xml version="1.0" encoding="UTF-8"?>
<metadata xml:lang="en"><Esri><CreaDate>20230320</CreaDate><CreaTime>13361400</CreaTime><ArcGISFormat>1.0</ArcGISFormat><SyncOnce>TRUE</SyncOnce><DataProperties><lineage><Process ToolSource="c:\program files\arcgis\pro\Resources\ArcToolbox\toolboxes\Spatial Analyst Tools.tbx\ExtractByMask" Date="20230320" Time="133614">ExtractByMask other_shrub UGRB_use "C:\Users\ander\OneDrive - Yale University\Documents\Lauenroth_Lab\STEPWAT\FINAL_OUTPUTS\Interpolation_Rasters\Mid\RCP45\Reclass_Rasters\shrub_extract.tif" Inside "-111.058333334 41.3499999993161 -108.633333334115 43.408333332552 GEOGCS["GCS_WGS_1984",DATUM["D_WGS_1984",SPHEROID["WGS_1984",6378137.0,298.257223563]],PRIMEM["Greenwich",0.0],UNIT["Degree",0.0174532925199433]]"</Process></lineage></DataProperties></Esri></metadata>
