<PAMDataset>
  <PAMRasterBand band="1">
    <Histograms>
      <HistItem>
        <HistMin>-0.4422661662101746</HistMin>
        <HistMax>1.461037158966064</HistMax>
        <BucketCount>256</BucketCount>
        <IncludeOutOfRange>1</IncludeOutOfRange>
        <Approximate>0</Approximate>
        <HistCounts>946|0|0|0|0|0|0|0|0|0|1679|0|0|0|0|0|0|0|0|0|0|0|0|0|0|0|0|0|0|0|0|0|599|0|0|0|0|0|0|0|0|0|0|0|0|0|231|0|0|0|0|685|0|0|2106|0|1627|0|0|0|0|0|0|0|0|0|0|0|0|0|0|954|0|0|0|0|0|364|82|0|0|0|0|209|0|0|320|0|347|0|0|0|0|0|0|0|254|0|0|0|0|0|0|0|0|0|0|0|608|2128|0|1498|0|877|0|0|0|0|0|0|0|126|0|0|0|0|0|0|0|0|0|0|0|0|0|443|0|0|0|3205|0|0|0|0|0|0|0|0|0|0|0|0|5371|0|0|0|203|0|0|0|0|0|6162|0|488|0|0|0|0|0|0|0|0|0|0|858|341|0|1003|0|0|0|0|0|0|0|0|0|0|1273|0|0|0|0|0|0|0|0|0|0|0|0|0|0|0|0|0|1265|0|194|0|0|0|0|0|0|0|0|0|0|0|0|0|799|0|0|0|0|0|0|0|0|0|0|0|0|0|0|0|0|0|0|0|0|0|0|0|0|0|0|0|0|0|0|0|1311</HistCounts>
      </HistItem>
    </Histograms>
    <Metadata>
      <MDI key="STATISTICS_EXCLUDEDVALUES"></MDI>
      <MDI key="STATISTICS_MAXIMUM">1.4610371589661</MDI>
      <MDI key="STATISTICS_MEAN">0.51532472881305</MDI>
      <MDI key="STATISTICS_MEDIAN">nan</MDI>
      <MDI key="STATISTICS_MINIMUM">-0.44226616621017</MDI>
      <MDI key="STATISTICS_SKIPFACTORX">1</MDI>
      <MDI key="STATISTICS_SKIPFACTORY">1</MDI>
      <MDI key="STATISTICS_STDDEV">0.44378279466961</MDI>
    </Metadata>
  </PAMRasterBand>
</PAMDataset>
