<PAMDataset>
  <PAMRasterBand band="1">
    <Description>layer</Description>
    <Histograms>
      <HistItem>
        <HistMin>27.20791435241699</HistMin>
        <HistMax>43.73236465454102</HistMax>
        <BucketCount>256</BucketCount>
        <IncludeOutOfRange>1</IncludeOutOfRange>
        <Approximate>0</Approximate>
        <HistCounts>1311|0|0|0|0|0|0|0|0|0|0|0|0|0|0|0|0|0|0|0|0|0|0|0|0|0|0|0|0|0|0|0|0|0|0|0|0|0|0|0|0|0|0|0|0|0|0|0|1265|0|0|0|4483|0|0|0|0|0|0|0|0|0|0|0|0|0|0|0|0|0|0|0|0|0|0|0|0|0|0|0|0|0|0|844|82|0|0|0|0|258917|799|0|0|0|0|0|0|0|0|0|0|579|0|16976|0|0|0|194|0|0|0|0|341|0|0|1003|0|685|0|0|0|0|0|0|0|858|0|0|0|0|0|1632|0|0|0|0|0|0|0|0|0|0|0|0|0|142|443|0|0|0|0|0|0|0|0|373|0|0|0|0|0|0|0|0|0|0|0|0|0|0|608|0|0|0|209|0|0|0|0|1772|0|0|0|0|0|1089|0|0|0|0|0|645|0|0|0|0|0|0|0|0|0|0|0|0|0|0|0|0|34078|0|0|0|0|0|469|0|232|841|0|0|0|0|0|0|3248|0|0|0|0|0|0|0|0|0|0|0|0|0|0|0|0|0|0|2369|0|2757|0|0|0|7205|0|0|0|0|0|47500</HistCounts>
      </HistItem>
    </Histograms>
    <Metadata>
      <MDI key="STATISTICS_COVARIANCES">17.78290391258912</MDI>
      <MDI key="STATISTICS_EXCLUDEDVALUES"></MDI>
      <MDI key="STATISTICS_MAXIMUM">43.732364654541</MDI>
      <MDI key="STATISTICS_MEAN">35.484171407361</MDI>
      <MDI key="STATISTICS_MEDIAN">32.975272</MDI>
      <MDI key="STATISTICS_MINIMUM">27.207914352417</MDI>
      <MDI key="STATISTICS_SKIPFACTORX">1</MDI>
      <MDI key="STATISTICS_SKIPFACTORY">1</MDI>
      <MDI key="STATISTICS_STDDEV">4.2169780545539</MDI>
    </Metadata>
  </PAMRasterBand>
</PAMDataset>
