<PAMDataset>
  <PAMRasterBand band="1">
    <Histograms>
      <HistItem>
        <HistMin>-3.269039869308472</HistMin>
        <HistMax>15.80507755279541</HistMax>
        <BucketCount>256</BucketCount>
        <IncludeOutOfRange>1</IncludeOutOfRange>
        <Approximate>0</Approximate>
        <HistCounts>946|0|0|0|0|0|0|0|0|0|0|0|0|0|0|0|0|0|0|0|0|0|0|0|0|0|0|0|2106|0|0|0|0|0|1696|0|0|0|0|1316|0|0|0|0|0|488|0|0|0|0|0|0|0|0|1498|0|0|0|0|0|0|0|0|0|0|0|0|0|0|0|0|0|0|0|320|0|231|0|0|254|0|0|0|0|0|0|0|0|0|0|0|0|877|0|0|0|0|599|0|209|0|1679|0|0|0|608|0|364|0|0|0|0|0|0|0|0|0|0|0|0|443|0|126|0|0|0|0|0|0|0|0|0|0|0|0|0|0|0|0|0|0|0|0|0|0|1631|0|0|0|0|0|1003|685|0|0|0|0|341|0|0|0|0|0|0|0|579|1052|0|0|0|5477|0|0|0|0|5728|497|0|203|799|0|0|0|82|0|0|0|0|0|0|0|0|0|347|0|0|0|0|1265|3205|0|0|0|0|1273|0|0|0|0|0|0|0|0|0|0|0|0|0|0|0|0|0|0|0|0|0|0|0|0|0|0|0|0|0|0|0|0|0|0|0|0|0|0|0|0|0|0|0|0|0|0|0|0|0|0|1311</HistCounts>
      </HistItem>
    </Histograms>
    <Metadata>
      <MDI key="STATISTICS_EXCLUDEDVALUES"></MDI>
      <MDI key="STATISTICS_MAXIMUM">15.805077552795</MDI>
      <MDI key="STATISTICS_MEAN">7.0418329079482</MDI>
      <MDI key="STATISTICS_MEDIAN">nan</MDI>
      <MDI key="STATISTICS_MINIMUM">-3.2690398693085</MDI>
      <MDI key="STATISTICS_SKIPFACTORX">1</MDI>
      <MDI key="STATISTICS_SKIPFACTORY">1</MDI>
      <MDI key="STATISTICS_STDDEV">4.7323059425631</MDI>
    </Metadata>
  </PAMRasterBand>
</PAMDataset>
