<PAMDataset>
  <PAMRasterBand band="1">
    <Histograms>
      <HistItem>
        <HistMin>-1.148576021194458</HistMin>
        <HistMax>2.503784418106079</HistMax>
        <BucketCount>256</BucketCount>
        <IncludeOutOfRange>1</IncludeOutOfRange>
        <Approximate>0</Approximate>
        <HistCounts>254|0|0|0|0|0|0|0|0|0|0|0|0|0|0|0|0|0|0|0|0|0|0|0|0|0|0|0|0|0|0|0|0|0|0|0|0|0|0|2814|0|0|608|0|0|0|0|0|0|0|0|0|0|0|0|0|0|0|0|0|0|946|0|0|0|0|0|0|0|0|599|0|0|0|0|0|0|0|0|0|0|0|0|0|0|0|0|320|0|488|0|0|0|0|0|1679|0|1696|0|231|0|0|0|0|0|0|0|0|0|0|0|0|0|364|209|0|0|0|0|0|0|0|0|0|0|2489|2106|0|0|0|0|0|0|685|0|877|0|0|0|0|0|0|0|0|0|194|0|0|0|0|126|0|0|443|0|0|0|82|579|0|0|0|5477|0|0|0|0|347|1003|0|341|0|0|0|6527|0|0|0|0|0|0|0|0|0|0|0|0|0|0|0|0|0|0|0|0|0|1265|497|0|0|0|3408|0|0|1273|0|0|0|0|0|0|0|0|0|0|0|0|0|0|0|0|0|0|0|0|0|0|0|0|0|0|0|0|0|0|0|0|0|0|0|0|0|0|0|0|0|0|0|0|0|0|0|0|0|0|1311</HistCounts>
      </HistItem>
    </Histograms>
    <Metadata>
      <MDI key="STATISTICS_EXCLUDEDVALUES"></MDI>
      <MDI key="STATISTICS_MAXIMUM">2.5037844181061</MDI>
      <MDI key="STATISTICS_MEAN">0.91503149039014</MDI>
      <MDI key="STATISTICS_MEDIAN">nan</MDI>
      <MDI key="STATISTICS_MINIMUM">-1.1485760211945</MDI>
      <MDI key="STATISTICS_SKIPFACTORX">1</MDI>
      <MDI key="STATISTICS_SKIPFACTORY">1</MDI>
      <MDI key="STATISTICS_STDDEV">0.75935407199897</MDI>
    </Metadata>
  </PAMRasterBand>
</PAMDataset>
