<PAMDataset>
  <PAMRasterBand band="1">
    <Histograms>
      <HistItem>
        <HistMin>-109.5967636108398</HistMin>
        <HistMax>338.7641296386719</HistMax>
        <BucketCount>256</BucketCount>
        <IncludeOutOfRange>1</IncludeOutOfRange>
        <Approximate>0</Approximate>
        <HistCounts>946|0|1316|0|0|0|0|0|0|0|0|0|0|0|0|0|0|0|0|0|2106|0|0|0|0|0|0|0|0|0|0|0|0|0|0|0|0|0|0|0|1498|0|1696|0|0|0|0|0|0|0|0|0|0|0|0|0|0|0|0|0|0|0|0|0|0|0|0|0|0|0|0|0|0|0|0|0|0|0|0|0|0|0|0|0|0|0|0|0|0|0|0|0|0|0|0|0|0|0|0|209|0|0|0|0|0|0|0|0|0|0|0|0|0|0|0|0|0|599|0|0|0|0|0|0|0|0|0|0|0|0|0|0|0|0|0|0|0|0|0|0|0|0|0|0|0|488|0|0|0|0|0|231|0|0|254|1679|0|0|126|320|0|0|0|0|608|0|0|877|0|0|0|0|0|0|0|0|0|0|0|685|0|0|0|0|0|443|0|0|364|0|0|0|0|0|0|0|0|0|0|0|0|497|0|0|0|0|5728|0|1631|0|0|0|0|0|0|0|0|194|0|579|347|0|341|82|0|0|0|0|1476|0|0|0|0|1003|0|8682|0|0|0|0|0|0|0|858|0|0|0|0|0|799|0|0|0|0|0|2576</HistCounts>
      </HistItem>
    </Histograms>
    <Metadata>
      <MDI key="STATISTICS_EXCLUDEDVALUES"></MDI>
      <MDI key="STATISTICS_MAXIMUM">338.76412963867</MDI>
      <MDI key="STATISTICS_MEAN">199.01838428745</MDI>
      <MDI key="STATISTICS_MEDIAN">nan</MDI>
      <MDI key="STATISTICS_MINIMUM">-109.59676361084</MDI>
      <MDI key="STATISTICS_SKIPFACTORX">1</MDI>
      <MDI key="STATISTICS_SKIPFACTORY">1</MDI>
      <MDI key="STATISTICS_STDDEV">141.36905296817</MDI>
    </Metadata>
  </PAMRasterBand>
</PAMDataset>
